species_name,speciesKey,gbif_url,webp_url
Ageratina jucunda,5400763,https://www.gbif.org/species/5400763,https://ecodash.ai/images/nurseries/the-natives/Ageratina_jucunda.webp
Andropogon brachystachyus,2706113,https://www.gbif.org/species/2706113,https://ecodash.ai/images/nurseries/the-natives/Andropogon_brachystachyus.webp
Andropogon capillipes,2706083,https://www.gbif.org/species/2706083,https://ecodash.ai/images/nurseries/the-natives/Andropogon_capillipes.webp
Aristida beyrichiana,2706267,https://www.gbif.org/species/2706267,https://ecodash.ai/images/nurseries/the-natives/Aristida_beyrichiana.webp
Asclepias incarnata,3170266,https://www.gbif.org/species/3170266,https://ecodash.ai/images/nurseries/the-natives/Asclepias_incarnata.webp
Asclepias tuberosa subsp rolsii,6415938,https://www.gbif.org/species/6415938,https://ecodash.ai/images/nurseries/the-natives/Asclepias_tuberosa_subsp_rolsii.webp
Berlandiera subacaulis,3148287,https://www.gbif.org/species/3148287,https://ecodash.ai/images/nurseries/the-natives/Berlandiera_subacaulis.webp
Carphephorus corymbosus,3112048,https://www.gbif.org/species/3112048,https://ecodash.ai/images/nurseries/the-natives/Carphephorus_corymbosus.webp
Carphephorus odoratissimus,7795803,https://www.gbif.org/species/7795803,https://ecodash.ai/images/nurseries/the-natives/Carphephorus_odoratissimus.webp
Carya glabra,3054325,https://www.gbif.org/species/3054325,https://ecodash.ai/images/nurseries/the-natives/Carya_glabra.webp
Chamaecrista fasciculata,2949728,https://www.gbif.org/species/2949728,https://ecodash.ai/images/nurseries/the-natives/Chamaecrista_fasciculata.webp
Chrysopsis mariana,5385923,https://www.gbif.org/species/5385923,https://ecodash.ai/images/nurseries/the-natives/Chrysopsis_mariana.webp
Conoclinum coelestinum,3090343,https://www.gbif.org/species/3090343,https://ecodash.ai/images/nurseries/the-natives/Conoclinum_coelestinum.webp
Coreopsis floridiana,3133876,https://www.gbif.org/species/3133876,https://ecodash.ai/images/nurseries/the-natives/Coreopsis_floridiana.webp
Coreopsis lanceolata,3133938,https://www.gbif.org/species/3133938,https://ecodash.ai/images/nurseries/the-natives/Coreopsis_lanceolata.webp
Coreopsis leavenworthii,3133918,https://www.gbif.org/species/3133918,https://ecodash.ai/images/nurseries/the-natives/Coreopsis_leavenworthii.webp
Cornus foemina,3082230,https://www.gbif.org/species/3082230,https://ecodash.ai/images/nurseries/the-natives/Cornus_foemina.webp
Elephantopus elatus,5395893,https://www.gbif.org/species/5395893,https://ecodash.ai/images/nurseries/the-natives/Elephantopus_elatus.webp
Eragrostis elliotii,2705344,https://www.gbif.org/species/2705344,https://ecodash.ai/images/nurseries/the-natives/Eragrostis_elliotii.webp
Eragrostis spectabilis,2705413,https://www.gbif.org/species/2705413,https://ecodash.ai/images/nurseries/the-natives/Eragrostis_spectabilis.webp
Eryngium yuccifolium,3034408,https://www.gbif.org/species/3034408,https://ecodash.ai/images/nurseries/the-natives/Eryngium_yuccifolium.webp
Erythrina herbacea,5349731,https://www.gbif.org/species/5349731,https://ecodash.ai/images/nurseries/the-natives/Erythrina_herbacea.webp
Forestiera segregata,3172384,https://www.gbif.org/species/3172384,https://ecodash.ai/images/nurseries/the-natives/Forestiera_segregata.webp
Garberia heterophylla,3118103,https://www.gbif.org/species/3118103,https://ecodash.ai/images/nurseries/the-natives/Garberia_heterophylla.webp
Geoblanus oblongifolius,2985320,https://www.gbif.org/species/2985320,https://ecodash.ai/images/nurseries/the-natives/Geoblanus_oblongifolius.webp
Helianthus angustifolia,3119144,https://www.gbif.org/species/3119144,https://ecodash.ai/images/nurseries/the-natives/Helianthus_angustifolia.webp
Helianthus carnosus,3119193,https://www.gbif.org/species/3119193,https://ecodash.ai/images/nurseries/the-natives/Helianthus_carnosus.webp
Helianthus rodula,3119165,https://www.gbif.org/species/3119165,https://ecodash.ai/images/nurseries/the-natives/Helianthus_rodula.webp
Hydrolea corymbosa,2928287,https://www.gbif.org/species/2928287,https://ecodash.ai/images/nurseries/the-natives/Hydrolea_corymbosa.webp
Hypericum tenuifolium,3710846,https://www.gbif.org/species/3710846,https://ecodash.ai/images/nurseries/the-natives/Hypericum_tenuifolium.webp
Ilex glabra,5414266,https://www.gbif.org/species/5414266,https://ecodash.ai/images/nurseries/the-natives/Ilex_glabra.webp
Ilex vomitoria,5414250,https://www.gbif.org/species/5414250,https://ecodash.ai/images/nurseries/the-natives/Ilex_vomitoria.webp
Itea virginica,5362113,https://www.gbif.org/species/5362113,https://ecodash.ai/images/nurseries/the-natives/Itea_virginica.webp
Lechea deckertii,5331130,https://www.gbif.org/species/5331130,https://ecodash.ai/images/nurseries/the-natives/Lechea_deckertii.webp
Liatris laevigata,7478458,https://www.gbif.org/species/7478458,https://ecodash.ai/images/nurseries/the-natives/Liatris_laevigata.webp
Lobelia glandulosa,5408793,https://www.gbif.org/species/5408793,https://ecodash.ai/images/nurseries/the-natives/Lobelia_glandulosa.webp
Lonicera sempervirens,5334239,https://www.gbif.org/species/5334239,https://ecodash.ai/images/nurseries/the-natives/Lonicera_sempervirens.webp
Lyonia ferruginea,5333387,https://www.gbif.org/species/5333387,https://ecodash.ai/images/nurseries/the-natives/Lyonia_ferruginea.webp
Lyonia lucida,5333386,https://www.gbif.org/species/5333386,https://ecodash.ai/images/nurseries/the-natives/Lyonia_lucida.webp
Mimosa strigillosa,2969657,https://www.gbif.org/species/2969657,https://ecodash.ai/images/nurseries/the-natives/Mimosa_strigillosa.webp
Monarda punctata,5341413,https://www.gbif.org/species/5341413,https://ecodash.ai/images/nurseries/the-natives/Monarda_punctata.webp
Myrcianthes fragrans,9920389,https://www.gbif.org/species/9920389,https://ecodash.ai/images/nurseries/the-natives/Myrcianthes_fragrans.webp
Nolina brittoniana,2776991,https://www.gbif.org/species/2776991,https://ecodash.ai/images/nurseries/the-natives/Nolina_brittoniana.webp
Palafoxia feayi,3121715,https://www.gbif.org/species/3121715,https://ecodash.ai/images/nurseries/the-natives/Palafoxia_feayi.webp
Passiflora suberosa,2874173,https://www.gbif.org/species/2874173,https://ecodash.ai/images/nurseries/the-natives/Passiflora_suberosa.webp
Penstemon multiflorus,3171348,https://www.gbif.org/species/3171348,https://ecodash.ai/images/nurseries/the-natives/Penstemon_multiflorus.webp
Phoebanthus grandiflorus,3098664,https://www.gbif.org/species/3098664,https://ecodash.ai/images/nurseries/the-natives/Phoebanthus_grandiflorus.webp
Photinia pyrifolia,5363667,https://www.gbif.org/species/5363667,https://ecodash.ai/images/nurseries/the-natives/Photinia_pyrifolia.webp
Pinus densa,5285782,https://www.gbif.org/species/5285782,https://ecodash.ai/images/nurseries/the-natives/Pinus_densa.webp
Pityopsis aequifolia,10866104,https://www.gbif.org/species/10866104,https://ecodash.ai/images/nurseries/the-natives/Pityopsis_aequifolia.webp
Pityopsis tracyi,4227395,https://www.gbif.org/species/4227395,https://ecodash.ai/images/nurseries/the-natives/Pityopsis_tracyi.webp
Quercus geminata,2878250,https://www.gbif.org/species/2878250,https://ecodash.ai/images/nurseries/the-natives/Quercus_geminata.webp
Quercus incana,2878060,https://www.gbif.org/species/2878060,https://ecodash.ai/images/nurseries/the-natives/Quercus_incana.webp
Quercus laevis,2878626,https://www.gbif.org/species/2878626,https://ecodash.ai/images/nurseries/the-natives/Quercus_laevis.webp
Quercus myrtifolia,2878545,https://www.gbif.org/species/2878545,https://ecodash.ai/images/nurseries/the-natives/Quercus_myrtifolia.webp
Rhus copallinum,3190557,https://www.gbif.org/species/3190557,https://ecodash.ai/images/nurseries/the-natives/Rhus_copallinum.webp
Rudbeckia hirta var floridiana,4255022,https://www.gbif.org/species/4255022,https://ecodash.ai/images/nurseries/the-natives/Rudbeckia_hirta_var_floridiana.webp
Sabal etonia,2732552,https://www.gbif.org/species/2732552,https://ecodash.ai/images/nurseries/the-natives/Sabal_etonia.webp
Salvia misella,2927058,https://www.gbif.org/species/2927058,https://ecodash.ai/images/nurseries/the-natives/Salvia_misella.webp
Senna ligustrina,2957907,https://www.gbif.org/species/2957907,https://ecodash.ai/images/nurseries/the-natives/Senna_ligustrina.webp
Serenoa repens,2735055,https://www.gbif.org/species/2735055,https://ecodash.ai/images/nurseries/the-natives/Serenoa_repens.webp
Silphium astericus,3092582,https://www.gbif.org/species/3092582,https://ecodash.ai/images/nurseries/the-natives/Silphium_astericus.webp
Solidago fistulosa,5389106,https://www.gbif.org/species/5389106,https://ecodash.ai/images/nurseries/the-natives/Solidago_fistulosa.webp
Solidago stricta,5388869,https://www.gbif.org/species/5388869,https://ecodash.ai/images/nurseries/the-natives/Solidago_stricta.webp
Sorghastrum secundum,2704421,https://www.gbif.org/species/2704421,https://ecodash.ai/images/nurseries/the-natives/Sorghastrum_secundum.webp
Sideroxylon tenax,2887241,https://www.gbif.org/species/2887241,https://ecodash.ai/images/nurseries/the-natives/Sideroxylon_tenax.webp
Stokesia laevis,5403935,https://www.gbif.org/species/5403935,https://ecodash.ai/images/nurseries/the-natives/Stokesia_laevis.webp
Styrax americanus,5371669,https://www.gbif.org/species/5371669,https://ecodash.ai/images/nurseries/the-natives/Styrax_americanus.webp
Symphyotrichum elliottii,3151747,https://www.gbif.org/species/3151747,https://ecodash.ai/images/nurseries/the-natives/Symphyotrichum_elliottii.webp
Symphyotrichum carolinianum,3104917,https://www.gbif.org/species/3104917,https://ecodash.ai/images/nurseries/the-natives/Symphyotrichum_carolinianum.webp
Tiedemannia filiformis,7535786,https://www.gbif.org/species/7535786,https://ecodash.ai/images/nurseries/the-natives/Tiedemannia_filiformis.webp
Tripsacum dactyloides,2705536,https://www.gbif.org/species/2705536,https://ecodash.ai/images/nurseries/the-natives/Tripsacum_dactyloides.webp
Trilisa subtropicanus,9693214,https://www.gbif.org/species/9693214,https://ecodash.ai/images/nurseries/the-natives/Trilisa_subtropicanus.webp
Vaccinium darrowii,2882908,https://www.gbif.org/species/2882908,https://ecodash.ai/images/nurseries/the-natives/Vaccinium_darrowii.webp
Viburnum obovatum,2888620,https://www.gbif.org/species/2888620,https://ecodash.ai/images/nurseries/the-natives/Viburnum_obovatum.webp
Yucca filamentosa,2775561,https://www.gbif.org/species/2775561,https://ecodash.ai/images/nurseries/the-natives/Yucca_filamentosa.webp
Zamia pumila,5284117,https://www.gbif.org/species/5284117 ,https://ecodash.ai/images/nurseries/the-natives/Zamia_pumila.webp
